Region,Department (360 list),Action,Current department,Current name,New department,New name,Note,Your decision
Adamaoua,Djérem,Remove,Djérem,Mbakaou,,,Absent from the 360 list. Confirm it is not a real arrondissement before deleting,
Adamaoua,Mbéré,Remove,Mbéré,Gonmé,,,Absent from the 360 list. Confirm it is not a real arrondissement before deleting,
Adamaoua,Vina,Remove,Vina,Meidougou,,,Absent from the 360 list. Confirm it is not a real arrondissement before deleting,
Centre,Mbam-et-Inoubou,Remove,Mbam-et-Inoubou,Koro,,,Absent from the 360 list. Confirm it is not a real arrondissement before deleting,
Centre,Mefou-et-Akono,Remove,Méfou-et-Akono,Dzeng,,,Duplicate copy in the current list; kept under Nyong-et-So'o,
Centre,Mefou-et-Akono,Remove,Méfou-et-Akono,Mengueme,,,Duplicate copy in the current list; kept under Nyong-et-So'o,
Centre,Mefou-et-Akono,Remove,Méfou-et-Akono,Ngog-Mapubi,,,Duplicate copy in the current list; kept under Nyong-et-Kellé,
Centre,Nyong-et-Kellé,Remove,Nyong-et-Kellé,Nyanon,,,Duplicate copy in the current list; kept under Sanaga-Maritime,
Centre,Nyong-et-Kellé,Remove,Nyong-et-Kellé,Pouma,,,Duplicate copy in the current list; kept under Sanaga-Maritime,
Centre,Nyong-et-Mfoumou,Remove,Nyong-et-Mfoumou,Kobdombo,,,Absent from the 360 list. Confirm it is not a real arrondissement before deleting,
Centre,Nyong-et-Mfoumou,Remove,Nyong-et-Mfoumou,Menomale,,,Absent from the 360 list. Confirm it is not a real arrondissement before deleting,
Centre,Nyong-et-Mfoumou,Remove,Nyong-et-Mfoumou,Ngomedzap,,,Duplicate copy in the current list; kept under Nyong-et-So'o,
Centre,Nyong-et-So'o,Remove,Nyong-et-So'o,Mfou,,,Duplicate copy in the current list; kept under Mefou-et-Afamba,
Centre,Nyong-et-So'o,Remove,Nyong-et-So'o,Ngoumou,,,Duplicate copy in the current list; kept under Mefou-et-Akono,
Est,Haut-Nyong,Remove,Haut-Nyong,Angossas,,,Absent from the 360 list. Confirm it is not a real arrondissement before deleting,
Est,Haut-Nyong,Remove,Haut-Nyong,Atok,,,Absent from the 360 list. Confirm it is not a real arrondissement before deleting,
Est,Haut-Nyong,Remove,Haut-Nyong,Dimako,,,Absent from the 360 list. Confirm it is not a real arrondissement before deleting,
Est,Kadey,Remove,Kadey,Nguelebok,,,Absent from the 360 list. Confirm it is not a real arrondissement before deleting,
Est,Kadey,Remove,Kadey,Ouli,,,Absent from the 360 list. Confirm it is not a real arrondissement before deleting,
Extrême-Nord,Mayo-Danay,Remove,Mayo-Danay,Gazawa,,,Duplicate copy in the current list; kept under Diamaré,
Extrême-Nord,Mayo-Danay,Remove,Mayo-Danay,Moulouvaye,,,Absent from the 360 list. Confirm it is not a real arrondissement before deleting,
Extrême-Nord,Mayo-Kani,Remove,Mayo-Kani,Tchanaga,,,Absent from the 360 list. Confirm it is not a real arrondissement before deleting,
Extrême-Nord,Mayo-Kani,Remove,Mayo-Kani,Toulourou,,,Absent from the 360 list. Confirm it is not a real arrondissement before deleting,
Extrême-Nord,Mayo-Sava,Remove,Mayo-Sava,Limani,,,Absent from the 360 list. Confirm it is not a real arrondissement before deleting,
Extrême-Nord,Mayo-Sava,Remove,Mayo-Sava,Méri,,,Duplicate copy in the current list; kept under Diamaré,
Extrême-Nord,Mayo-Tsanaga,Remove,Mayo-Tsanaga,Mozogo,,,Absent from the 360 list. Confirm it is not a real arrondissement before deleting,
Extrême-Nord,Mayo-Tsanaga,Remove,Mayo-Tsanaga,Roua,,,Absent from the 360 list. Confirm it is not a real arrondissement before deleting,
Littoral,Moungo,Remove,Moungo,Bonalea,,,Absent from the 360 list. Confirm it is not a real arrondissement before deleting,
Littoral,Moungo,Remove,Moungo,Ekom,,,Absent from the 360 list. Confirm it is not a real arrondissement before deleting,
Littoral,Nkam,Remove,Nkam,Ndom,,,Duplicate copy in the current list; kept under Sanaga-Maritime,
Littoral,Nkam,Remove,Nkam,Ngambe,,,Duplicate copy in the current list; kept under Sanaga-Maritime,
Littoral,Wouri,Remove,Wouri,Manoka,,,Absent from the 360 list. Confirm it is not a real arrondissement before deleting,
Nord,Bénoué,Remove,Bénoué,Ngong,,,Absent from the 360 list. Confirm it is not a real arrondissement before deleting,
Nord,Mayo-Rey,Remove,Mayo-Rey,Pignde,,,Absent from the 360 list. Confirm it is not a real arrondissement before deleting,
Nord-Ouest,Boyo,Remove,Boyo,Fonfuka,,,Absent from the 360 list. Confirm it is not a real arrondissement before deleting,
Nord-Ouest,Menchum,Remove,Menchum,Benakuma,,,Absent from the 360 list. Confirm it is not a real arrondissement before deleting,
Nord-Ouest,Menchum,Remove,Menchum,Zhoa,,,Absent from the 360 list. Confirm it is not a real arrondissement before deleting,
Ouest,Haut-Nkam,Remove,Haut-Nkam,Batcham,,,Duplicate copy in the current list; kept under Bamboutos,
Ouest,Hauts-Plateaux,Remove,Hauts-Plateaux,Bansoa,,,Absent from the 360 list. Confirm it is not a real arrondissement before deleting,
Ouest,Koung-Khi,Remove,Koung-Khi,Bamendjou,,,Duplicate copy in the current list; kept under Hauts-Plateaux,
Ouest,Koung-Khi,Remove,Koung-Khi,Kouoptamo,,,Duplicate copy in the current list; kept under Noun,
Ouest,Menoua,Remove,Menoua,Kekem,,,Duplicate copy in the current list; kept under Haut-Nkam,
Sud,Dja-et-Lobo,Remove,Dja-et-Lobo,Mvangan,,,Duplicate copy in the current list; kept under Mvila,
Sud,Mvila,Remove,Mvila,Bengbis,,,Duplicate copy in the current list; kept under Dja-et-Lobo,
Sud,Océan,Remove,Océan,Grand Batanga,,,Absent from the 360 list. Confirm it is not a real arrondissement before deleting,
Sud,Vallée-du-Ntem,Remove,Vallée-du-Ntem,Djoum,,,Duplicate copy in the current list; kept under Dja-et-Lobo,
Sud,Vallée-du-Ntem,Remove,Vallée-du-Ntem,Meyomessala,,,Duplicate copy in the current list; kept under Dja-et-Lobo,
Sud,Vallée-du-Ntem,Remove,Vallée-du-Ntem,Nkpwa,,,Absent from the 360 list. Confirm it is not a real arrondissement before deleting,
Sud-Ouest,Manyu,Remove,Manyu,Tinto,,,Absent from the 360 list. Confirm it is not a real arrondissement before deleting,
Adamaoua,Mbéré,Add (missing today),,,Mbéré,Dir,,
Adamaoua,Vina,Add (missing today),,,Vina,Mbé,,
Centre,Haute-Sanaga,Add (missing today),,,Haute-Sanaga,Bibey,,
Centre,Haute-Sanaga,Add (missing today),,,Haute-Sanaga,Mbandjock,,
Centre,Haute-Sanaga,Add (missing today),,,Haute-Sanaga,Nsem,,
Centre,Lékié,Add (missing today),,,Lékié,Lobo,,
Centre,Lékié,Add (missing today),,,Lékié,Okola,,
Centre,Mbam-et-Inoubou,Add (missing today),,,Mbam-et-Inoubou,Kom-Yambetta,,
Centre,Mefou-et-Afamba,Add (missing today),,,Mefou-et-Afamba,Afanloum,,
Centre,Mefou-et-Afamba,Add (missing today),,,Mefou-et-Afamba,Assamba,,
Centre,Mefou-et-Afamba,Add (missing today),,,Mefou-et-Afamba,Edzendouan,,
Centre,Nyong-et-Kellé,Add (missing today),,,Nyong-et-Kellé,Biyouha,,
Centre,Nyong-et-Kellé,Add (missing today),,,Nyong-et-Kellé,Bondjock,,
Centre,Nyong-et-Kellé,Add (missing today),,,Nyong-et-Kellé,Bot-Makak,,
Centre,Nyong-et-Kellé,Add (missing today),,,Nyong-et-Kellé,Dibang,,
Centre,Nyong-et-Kellé,Add (missing today),,,Nyong-et-Kellé,Nguibassal,,
Centre,Nyong-et-Mfoumou,Add (missing today),,,Nyong-et-Mfoumou,Mengang,,
Centre,Nyong-et-Mfoumou,Add (missing today),,,Nyong-et-Mfoumou,Nyakokombo,,
Centre,Nyong-et-So'o,Add (missing today),,,Nyong-et-So'o,Akoeman,,
Centre,Nyong-et-So'o,Add (missing today),,,Nyong-et-So'o,Nkolmetet,,
Est,Haut-Nyong,Add (missing today),,,Haut-Nyong,Bebend,,
Est,Haut-Nyong,Add (missing today),,,Haut-Nyong,Dja,,
Est,Haut-Nyong,Add (missing today),,,Haut-Nyong,Mboanz,,
Est,Haut-Nyong,Add (missing today),,,Haut-Nyong,Messok,,
Est,Kadey,Add (missing today),,,Kadey,Bombé,,
Est,Kadey,Add (missing today),,,Kadey,Mbotoro,,
Est,Kadey,Add (missing today),,,Kadey,Ndem-Nam,,
Est,Lom-et-Djérem,Add (missing today),,,Lom-et-Djérem,Garoua-Boulaï,,
Est,Lom-et-Djérem,Add (missing today),,,Lom-et-Djérem,Mandjou,,
Extrême-Nord,Diamaré,Add (missing today),,,Diamaré,Bogo,,
Extrême-Nord,Diamaré,Add (missing today),,,Diamaré,Dargala,,
Extrême-Nord,Logone-et-Chari,Add (missing today),,,Logone-et-Chari,Darak,,
Extrême-Nord,Mayo-Danay,Add (missing today),,,Mayo-Danay,Gobo,,
Extrême-Nord,Mayo-Danay,Add (missing today),,,Mayo-Danay,Guéré,,
Extrême-Nord,Mayo-Danay,Add (missing today),,,Mayo-Danay,Kalfou,,
Extrême-Nord,Mayo-Danay,Add (missing today),,,Mayo-Danay,Vélé,,
Extrême-Nord,Mayo-Danay,Add (missing today),,,Mayo-Danay,Wina,,
Extrême-Nord,Mayo-Kani,Add (missing today),,,Mayo-Kani,Moutourwa,,
Extrême-Nord,Mayo-Kani,Add (missing today),,,Mayo-Kani,Porhi,,
Extrême-Nord,Mayo-Kani,Add (missing today),,,Mayo-Kani,Taibong,,
Extrême-Nord,Mayo-Tsanaga,Add (missing today),,,Mayo-Tsanaga,Mayo-Moskota,,
Littoral,Moungo,Add (missing today),,,Moungo,Fiko,,
Littoral,Moungo,Add (missing today),,,Moungo,Nlonako,,
Littoral,Nkam,Add (missing today),,,Nkam,Nkondjock,,
Littoral,Nkam,Add (missing today),,,Nkam,Nord-Makombe,,
Littoral,Sanaga-Maritime,Add (missing today),,,Sanaga-Maritime,Massock-Songloulou,,
Littoral,Sanaga-Maritime,Add (missing today),,,Sanaga-Maritime,Ngwei,,
Littoral,Wouri,Add (missing today),,,Wouri,Douala 6,,
Nord,Bénoué,Add (missing today),,,Bénoué,Baschéo,,
Nord,Bénoué,Add (missing today),,,Bénoué,Demsa,,
Nord,Bénoué,Add (missing today),,,Bénoué,Mayo-Hourna,,
Nord,Bénoué,Add (missing today),,,Bénoué,Touroua,,
Nord,Mayo-Rey,Add (missing today),,,Mayo-Rey,Madingring,,
Nord-Ouest,Boyo,Add (missing today),,,Boyo,Bum,,
Nord-Ouest,Boyo,Add (missing today),,,Boyo,Njinikom,,
Nord-Ouest,Donga-Mantung,Add (missing today),,,Donga-Mantung,Misaje,,
Nord-Ouest,Menchum,Add (missing today),,,Menchum,Furu-Awa,,
Nord-Ouest,Menchum,Add (missing today),,,Menchum,Menchum-Valley,,
Nord-Ouest,Momo,Add (missing today),,,Momo,Ngie,,
Ouest,Haut-Nkam,Add (missing today),,,Haut-Nkam,Bakou,,
Ouest,Haut-Nkam,Add (missing today),,,Haut-Nkam,Bana,,
Ouest,Haut-Nkam,Add (missing today),,,Haut-Nkam,Banwa,,
Ouest,Hauts-Plateaux,Add (missing today),,,Hauts-Plateaux,Batié,,
Ouest,Koung-Khi,Add (missing today),,,Koung-Khi,Bayangam,,
Ouest,Koung-Khi,Add (missing today),,,Koung-Khi,Djebem,,
Ouest,Noun,Add (missing today),,,Noun,Bangourain,,
Sud,Dja-et-Lobo,Add (missing today),,,Dja-et-Lobo,Zoétélé,,
Sud,Océan,Add (missing today),,,Océan,Bipindi,,
Sud,Océan,Add (missing today),,,Océan,Lokoundje,,
Sud,Océan,Add (missing today),,,Océan,Niété,,
Sud,Vallée-du-Ntem,Add (missing today),,,Vallée-du-Ntem,Kyé-Ossi,,
Sud,Vallée-du-Ntem,Add (missing today),,,Vallée-du-Ntem,Olamzé,,
Sud-Ouest,Fako,Add (missing today),,,Fako,West-Coast,,
Sud-Ouest,Manyu,Add (missing today),,,Manyu,Upper-Bayang,,
Sud-Ouest,Ndian,Add (missing today),,,Ndian,Bamusso,,
Sud-Ouest,Ndian,Add (missing today),,,Ndian,Dikome-Balue,,
Sud-Ouest,Ndian,Add (missing today),,,Ndian,Idabato,,
Sud-Ouest,Ndian,Add (missing today),,,Ndian,Toko,,
Extrême-Nord,Logone-et-Chari,"Rename? (likely same place, check spelling)",Logone-et-Chari,Hilé-Alifa,Logone-et-Chari,Hile-Halifa,Spelling differs; confirm which is official,
Extrême-Nord,Mayo-Tsanaga,"Rename? (likely same place, check spelling)",Mayo-Tsanaga,Bourha,Mayo-Tsanaga,Bourrha,Spelling differs; confirm which is official,
Ouest,Noun,"Rename? (likely same place, check spelling)",Noun,Malantouen,Noun,Malentouen,Spelling differs; confirm which is official,
Sud-Ouest,Manyu,"Rename? (likely same place, check spelling)",Manyu,Eyumojock,Manyu,Eyumodjock,Spelling differs; confirm which is official,
Adamaoua,Vina,Move to another department,Mayo-Banyo,Ngan-Ha,Vina,Nganha,Currently filed under Mayo-Banyo,
Centre,Mefou-et-Akono,Move to another department,Nyong-et-So'o,Mbankomo,Mefou-et-Akono,Mbankomo,Currently filed under Nyong-et-So'o,
Centre,Mfoundi,Move to another department,Méfou-et-Afamba,Yaoundé VII,Mfoundi,Yaoundé 7,Currently filed under Méfou-et-Afamba,
Extrême-Nord,Logone-et-Chari,Move to another department,Mayo-Kani,Blangoua,Logone-et-Chari,Blangoua,Currently filed under Mayo-Kani,
Extrême-Nord,Mayo-Danay,Move to another department,Mayo-Kani,Kaïkaï,Mayo-Danay,Kai-Kai,Currently filed under Mayo-Kani,
Extrême-Nord,Mayo-Kani,Move to another department,Mayo-Danay,Kaélé,Mayo-Kani,Kaélé,Currently filed under Mayo-Danay,
Extrême-Nord,Mayo-Kani,Move to another department,Mayo-Danay,Mindif,Mayo-Kani,Mindif,Currently filed under Mayo-Danay,
Sud,Mvila,Move to another department,Vallée-du-Ntem,Biwong-Bané,Mvila,Biwong-Bane,Currently filed under Vallée-du-Ntem,
Sud,Mvila,Move to another department,Vallée-du-Ntem,Biwong-Bulu,Mvila,Biwong-Bulu,Currently filed under Vallée-du-Ntem,
Sud,Vallée-du-Ntem,Move to another department,Mvila,Ambam,Vallée-du-Ntem,Ambam,Currently filed under Mvila,
Sud,Vallée-du-Ntem,Move to another department,Mvila,Ma'an,Vallée-du-Ntem,Ma'an,Currently filed under Mvila,
Adamaoua,Mayo-Banyo,"Rename (same place, new spelling)",Mayo-Banyo,Mayo-Darle,Mayo-Banyo,Mayo-Darlé,Roman → Arabic numeral or accent change,
Adamaoua,Vina,"Rename (same place, new spelling)",Vina,Belel,Vina,Bélél,Roman → Arabic numeral or accent change,
Adamaoua,Vina,"Rename (same place, new spelling)",Vina,Ngaoundéré I,Vina,Ngaoundéré 1,Roman → Arabic numeral or accent change,
Adamaoua,Vina,"Rename (same place, new spelling)",Vina,Ngaoundéré II,Vina,Ngaoundéré 2,Roman → Arabic numeral or accent change,
Adamaoua,Vina,"Rename (same place, new spelling)",Vina,Ngaoundéré III,Vina,Ngaoundéré 3,Roman → Arabic numeral or accent change,
Centre,Mbam-et-Inoubou,"Rename (same place, new spelling)",Mbam-et-Inoubou,Makénéné,Mbam-et-Inoubou,Makenene,Roman → Arabic numeral or accent change,
Centre,Mbam-et-Inoubou,"Rename (same place, new spelling)",Mbam-et-Inoubou,Ndikiniméki,Mbam-et-Inoubou,Ndikinimeki,Roman → Arabic numeral or accent change,
Centre,Mbam-et-Kim,"Rename (same place, new spelling)",Mbam-et-Kim,Ngambe-Tikar,Mbam-et-Kim,Ngambé-Tikar,Roman → Arabic numeral or accent change,
Centre,Mefou-et-Afamba,"Rename (same place, new spelling)",Méfou-et-Afamba,Awaé,Mefou-et-Afamba,Awaé,Roman → Arabic numeral or accent change,
Centre,Mefou-et-Afamba,"Rename (same place, new spelling)",Méfou-et-Afamba,Esse,Mefou-et-Afamba,Esse,Roman → Arabic numeral or accent change,
Centre,Mefou-et-Afamba,"Rename (same place, new spelling)",Méfou-et-Afamba,Mfou,Mefou-et-Afamba,Mfou,Roman → Arabic numeral or accent change,
Centre,Mefou-et-Afamba,"Rename (same place, new spelling)",Méfou-et-Afamba,Nkolafamba,Mefou-et-Afamba,Nkolafamba,Roman → Arabic numeral or accent change,
Centre,Mefou-et-Afamba,"Rename (same place, new spelling)",Méfou-et-Afamba,Soa,Mefou-et-Afamba,Soa,Roman → Arabic numeral or accent change,
Centre,Mefou-et-Akono,"Rename (same place, new spelling)",Méfou-et-Akono,Akono,Mefou-et-Akono,Akono,Roman → Arabic numeral or accent change,
Centre,Mefou-et-Akono,"Rename (same place, new spelling)",Méfou-et-Akono,Bikok,Mefou-et-Akono,Bikok,Roman → Arabic numeral or accent change,
Centre,Mefou-et-Akono,"Rename (same place, new spelling)",Méfou-et-Akono,Ngoumou,Mefou-et-Akono,Ngoumou,Roman → Arabic numeral or accent change,
Centre,Mfoundi,"Rename (same place, new spelling)",Mfoundi,Yaoundé I,Mfoundi,Yaoundé 1,Roman → Arabic numeral or accent change,
Centre,Mfoundi,"Rename (same place, new spelling)",Mfoundi,Yaoundé II,Mfoundi,Yaoundé 2,Roman → Arabic numeral or accent change,
Centre,Mfoundi,"Rename (same place, new spelling)",Mfoundi,Yaoundé III,Mfoundi,Yaoundé 3,Roman → Arabic numeral or accent change,
Centre,Mfoundi,"Rename (same place, new spelling)",Mfoundi,Yaoundé IV,Mfoundi,Yaoundé 4,Roman → Arabic numeral or accent change,
Centre,Mfoundi,"Rename (same place, new spelling)",Mfoundi,Yaoundé V,Mfoundi,Yaoundé 5,Roman → Arabic numeral or accent change,
Centre,Mfoundi,"Rename (same place, new spelling)",Mfoundi,Yaoundé VI,Mfoundi,Yaoundé 6,Roman → Arabic numeral or accent change,
Centre,Nyong-et-Kellé,"Rename (same place, new spelling)",Nyong-et-Kellé,Éséka,Nyong-et-Kellé,Eséka,Roman → Arabic numeral or accent change,
Est,Haut-Nyong,"Rename (same place, new spelling)",Haut-Nyong,Doume,Haut-Nyong,Doumé,Roman → Arabic numeral or accent change,
Est,Haut-Nyong,"Rename (same place, new spelling)",Haut-Nyong,Messamena,Haut-Nyong,Messaména,Roman → Arabic numeral or accent change,
Est,Kadey,"Rename (same place, new spelling)",Kadey,Kette,Kadey,Kétté,Roman → Arabic numeral or accent change,
Est,Kadey,"Rename (same place, new spelling)",Kadey,Ndelele,Kadey,Ndélélé,Roman → Arabic numeral or accent change,
Est,Lom-et-Djérem,"Rename (same place, new spelling)",Lom-et-Djérem,Bélabo,Lom-et-Djérem,Belabo,Roman → Arabic numeral or accent change,
Est,Lom-et-Djérem,"Rename (same place, new spelling)",Lom-et-Djérem,Bertoua I,Lom-et-Djérem,Bertoua 1,Roman → Arabic numeral or accent change,
Est,Lom-et-Djérem,"Rename (same place, new spelling)",Lom-et-Djérem,Bertoua II,Lom-et-Djérem,Bertoua 2,Roman → Arabic numeral or accent change,
Est,Lom-et-Djérem,"Rename (same place, new spelling)",Lom-et-Djérem,Betaré-Oya,Lom-et-Djérem,Bétaré-Oya,Roman → Arabic numeral or accent change,
Extrême-Nord,Diamaré,"Rename (same place, new spelling)",Diamaré,Maroua I,Diamaré,Maroua 1,Roman → Arabic numeral or accent change,
Extrême-Nord,Diamaré,"Rename (same place, new spelling)",Diamaré,Maroua II,Diamaré,Maroua 2,Roman → Arabic numeral or accent change,
Extrême-Nord,Diamaré,"Rename (same place, new spelling)",Diamaré,Maroua III,Diamaré,Maroua 3,Roman → Arabic numeral or accent change,
Extrême-Nord,Diamaré,"Rename (same place, new spelling)",Diamaré,Meri,Diamaré,Méri,Roman → Arabic numeral or accent change,
Extrême-Nord,Diamaré,"Rename (same place, new spelling)",Diamaré,Pette,Diamaré,Petté,Roman → Arabic numeral or accent change,
Extrême-Nord,Mayo-Danay,"Rename (same place, new spelling)",Mayo-Danay,Datcheka,Mayo-Danay,Datchéka,Roman → Arabic numeral or accent change,
Extrême-Nord,Mayo-Tsanaga,"Rename (same place, new spelling)",Mayo-Tsanaga,Soulédé-Roua,Mayo-Tsanaga,Soulede-Roua,Roman → Arabic numeral or accent change,
Littoral,Moungo,"Rename (same place, new spelling)",Moungo,Bare-Bakem,Moungo,Baré-Bakem,Roman → Arabic numeral or accent change,
Littoral,Moungo,"Rename (same place, new spelling)",Moungo,Njombe-Penja,Moungo,Njombé-Penja,Roman → Arabic numeral or accent change,
Littoral,Moungo,"Rename (same place, new spelling)",Moungo,Nkongsamba I,Moungo,Nkongsamba 1,Roman → Arabic numeral or accent change,
Littoral,Moungo,"Rename (same place, new spelling)",Moungo,Nkongsamba II,Moungo,Nkongsamba 2,Roman → Arabic numeral or accent change,
Littoral,Moungo,"Rename (same place, new spelling)",Moungo,Nkongsamba III,Moungo,Nkongsamba 3,Roman → Arabic numeral or accent change,
Littoral,Sanaga-Maritime,"Rename (same place, new spelling)",Sanaga-Maritime,Dizangue,Sanaga-Maritime,Dizangué,Roman → Arabic numeral or accent change,
Littoral,Sanaga-Maritime,"Rename (same place, new spelling)",Sanaga-Maritime,Édéa I,Sanaga-Maritime,Edéa 1,Roman → Arabic numeral or accent change,
Littoral,Sanaga-Maritime,"Rename (same place, new spelling)",Sanaga-Maritime,Édéa II,Sanaga-Maritime,Edéa 2,Roman → Arabic numeral or accent change,
Littoral,Sanaga-Maritime,"Rename (same place, new spelling)",Sanaga-Maritime,Ngambe,Sanaga-Maritime,Ngambé,Roman → Arabic numeral or accent change,
Littoral,Wouri,"Rename (same place, new spelling)",Wouri,Douala I,Wouri,Douala 1,Roman → Arabic numeral or accent change,
Littoral,Wouri,"Rename (same place, new spelling)",Wouri,Douala II,Wouri,Douala 2,Roman → Arabic numeral or accent change,
Littoral,Wouri,"Rename (same place, new spelling)",Wouri,Douala III,Wouri,Douala 3,Roman → Arabic numeral or accent change,
Littoral,Wouri,"Rename (same place, new spelling)",Wouri,Douala IV,Wouri,Douala 4,Roman → Arabic numeral or accent change,
Littoral,Wouri,"Rename (same place, new spelling)",Wouri,Douala V,Wouri,Douala 5,Roman → Arabic numeral or accent change,
Nord,Bénoué,"Rename (same place, new spelling)",Bénoué,Garoua I,Bénoué,Garoua 1,Roman → Arabic numeral or accent change,
Nord,Bénoué,"Rename (same place, new spelling)",Bénoué,Garoua II,Bénoué,Garoua 2,Roman → Arabic numeral or accent change,
Nord,Bénoué,"Rename (same place, new spelling)",Bénoué,Garoua III,Bénoué,Garoua 3,Roman → Arabic numeral or accent change,
Nord,Bénoué,"Rename (same place, new spelling)",Bénoué,Tchéboa,Bénoué,Tcheboa,Roman → Arabic numeral or accent change,
Nord,Faro,"Rename (same place, new spelling)",Faro,Beka,Faro,Béka,Roman → Arabic numeral or accent change,
Nord-Ouest,Mezam,"Rename (same place, new spelling)",Mezam,Bamenda I,Mezam,Bamenda 1,Roman → Arabic numeral or accent change,
Nord-Ouest,Mezam,"Rename (same place, new spelling)",Mezam,Bamenda II,Mezam,Bamenda 2,Roman → Arabic numeral or accent change,
Nord-Ouest,Mezam,"Rename (same place, new spelling)",Mezam,Bamenda III,Mezam,Bamenda 3,Roman → Arabic numeral or accent change,
Ouest,Haut-Nkam,"Rename (same place, new spelling)",Haut-Nkam,Kekem,Haut-Nkam,Kékem,Roman → Arabic numeral or accent change,
Ouest,Mifi,"Rename (same place, new spelling)",Mifi,Bafoussam I,Mifi,Bafoussam 1,Roman → Arabic numeral or accent change,
Ouest,Mifi,"Rename (same place, new spelling)",Mifi,Bafoussam II,Mifi,Bafoussam 2,Roman → Arabic numeral or accent change,
Ouest,Mifi,"Rename (same place, new spelling)",Mifi,Bafoussam III,Mifi,Bafoussam 3,Roman → Arabic numeral or accent change,
Sud,Dja-et-Lobo,"Rename (same place, new spelling)",Dja-et-Lobo,Sangmélima,Dja-et-Lobo,Sangmelima,Roman → Arabic numeral or accent change,
Sud,Mvila,"Rename (same place, new spelling)",Mvila,Ebolowa I,Mvila,Ebolowa 1,Roman → Arabic numeral or accent change,
Sud,Mvila,"Rename (same place, new spelling)",Mvila,Ebolowa II,Mvila,Ebolowa 2,Roman → Arabic numeral or accent change,
Sud,Océan,"Rename (same place, new spelling)",Océan,Kribi I,Océan,Kribi 1,Roman → Arabic numeral or accent change,
Sud,Océan,"Rename (same place, new spelling)",Océan,Kribi II,Océan,Kribi 2,Roman → Arabic numeral or accent change,
Sud-Ouest,Fako,"Rename (same place, new spelling)",Fako,Limbe I,Fako,Limbe 1,Roman → Arabic numeral or accent change,
Sud-Ouest,Fako,"Rename (same place, new spelling)",Fako,Limbe II,Fako,Limbe 2,Roman → Arabic numeral or accent change,
Sud-Ouest,Fako,"Rename (same place, new spelling)",Fako,Limbe III,Fako,Limbe 3,Roman → Arabic numeral or accent change,
Sud-Ouest,Kupe-Manenguba,"Rename (same place, new spelling)",Koupé-Muanenguba,Bangem,Kupe-Manenguba,Bangem,Roman → Arabic numeral or accent change,
Sud-Ouest,Kupe-Manenguba,"Rename (same place, new spelling)",Koupé-Muanenguba,Nguti,Kupe-Manenguba,Nguti,Roman → Arabic numeral or accent change,
Sud-Ouest,Kupe-Manenguba,"Rename (same place, new spelling)",Koupé-Muanenguba,Tombel,Kupe-Manenguba,Tombel,Roman → Arabic numeral or accent change,
Sud-Ouest,Meme,"Rename (same place, new spelling)",Meme,Kumba I,Meme,Kumba 1,Roman → Arabic numeral or accent change,
Sud-Ouest,Meme,"Rename (same place, new spelling)",Meme,Kumba II,Meme,Kumba 2,Roman → Arabic numeral or accent change,
Sud-Ouest,Meme,"Rename (same place, new spelling)",Meme,Kumba III,Meme,Kumba 3,Roman → Arabic numeral or accent change,
Sud-Ouest,Ndian,"Rename (same place, new spelling)",Ndian,Ekondo-Titi,Ndian,Ekondo Titi,Roman → Arabic numeral or accent change,
Adamaoua,Djérem,Keep,Djérem,Ngaoundal,Djérem,Ngaoundal,,
Adamaoua,Djérem,Keep,Djérem,Tibati,Djérem,Tibati,,
Adamaoua,Faro-et-Déo,Keep,Faro-et-Déo,Galim-Tignère,Faro-et-Déo,Galim-Tignère,,
Adamaoua,Faro-et-Déo,Keep,Faro-et-Déo,Kontcha,Faro-et-Déo,Kontcha,,
Adamaoua,Faro-et-Déo,Keep,Faro-et-Déo,Mayo-Baléo,Faro-et-Déo,Mayo-Baléo,,
Adamaoua,Faro-et-Déo,Keep,Faro-et-Déo,Tignère,Faro-et-Déo,Tignère,,
Adamaoua,Mayo-Banyo,Keep,Mayo-Banyo,Bankim,Mayo-Banyo,Bankim,,
Adamaoua,Mayo-Banyo,Keep,Mayo-Banyo,Banyo,Mayo-Banyo,Banyo,,
Adamaoua,Mbéré,Keep,Mbéré,Djohong,Mbéré,Djohong,,
Adamaoua,Mbéré,Keep,Mbéré,Meiganga,Mbéré,Meiganga,,
Adamaoua,Mbéré,Keep,Mbéré,Ngaoui,Mbéré,Ngaoui,,
Adamaoua,Vina,Keep,Vina,Martap,Vina,Martap,,
Adamaoua,Vina,Keep,Vina,Nyambaka,Vina,Nyambaka,,
Centre,Haute-Sanaga,Keep,Haute-Sanaga,Lembe-Yezoum,Haute-Sanaga,Lembe-Yezoum,,
Centre,Haute-Sanaga,Keep,Haute-Sanaga,Minta,Haute-Sanaga,Minta,,
Centre,Haute-Sanaga,Keep,Haute-Sanaga,Nanga-Eboko,Haute-Sanaga,Nanga-Eboko,,
Centre,Haute-Sanaga,Keep,Haute-Sanaga,Nkoteng,Haute-Sanaga,Nkoteng,,
Centre,Lékié,Keep,Lékié,Batchenga,Lékié,Batchenga,,
Centre,Lékié,Keep,Lékié,Ebebda,Lékié,Ebebda,,
Centre,Lékié,Keep,Lékié,Elig-Mfomo,Lékié,Elig-Mfomo,,
Centre,Lékié,Keep,Lékié,Evodoula,Lékié,Evodoula,,
Centre,Lékié,Keep,Lékié,Monatélé,Lékié,Monatélé,,
Centre,Lékié,Keep,Lékié,Obala,Lékié,Obala,,
Centre,Lékié,Keep,Lékié,Sa'a,Lékié,Sa'a,,
Centre,Mbam-et-Inoubou,Keep,Mbam-et-Inoubou,Bafia,Mbam-et-Inoubou,Bafia,,
Centre,Mbam-et-Inoubou,Keep,Mbam-et-Inoubou,Bokito,Mbam-et-Inoubou,Bokito,,
Centre,Mbam-et-Inoubou,Keep,Mbam-et-Inoubou,Deuk,Mbam-et-Inoubou,Deuk,,
Centre,Mbam-et-Inoubou,Keep,Mbam-et-Inoubou,Kiiki,Mbam-et-Inoubou,Kiiki,,
Centre,Mbam-et-Inoubou,Keep,Mbam-et-Inoubou,Nitoukou,Mbam-et-Inoubou,Nitoukou,,
Centre,Mbam-et-Inoubou,Keep,Mbam-et-Inoubou,Ombessa,Mbam-et-Inoubou,Ombessa,,
Centre,Mbam-et-Kim,Keep,Mbam-et-Kim,Mbangassina,Mbam-et-Kim,Mbangassina,,
Centre,Mbam-et-Kim,Keep,Mbam-et-Kim,Ngoro,Mbam-et-Kim,Ngoro,,
Centre,Mbam-et-Kim,Keep,Mbam-et-Kim,Ntui,Mbam-et-Kim,Ntui,,
Centre,Mbam-et-Kim,Keep,Mbam-et-Kim,Yoko,Mbam-et-Kim,Yoko,,
Centre,Nyong-et-Kellé,Keep,Nyong-et-Kellé,Makak,Nyong-et-Kellé,Makak,,
Centre,Nyong-et-Kellé,Keep,Nyong-et-Kellé,Matomb,Nyong-et-Kellé,Matomb,,
Centre,Nyong-et-Kellé,Keep,Nyong-et-Kellé,Messondo,Nyong-et-Kellé,Messondo,,
Centre,Nyong-et-Kellé,Keep,Nyong-et-Kellé,Ngog-Mapubi,Nyong-et-Kellé,Ngog-Mapubi,,
Centre,Nyong-et-Mfoumou,Keep,Nyong-et-Mfoumou,Akonolinga,Nyong-et-Mfoumou,Akonolinga,,
Centre,Nyong-et-Mfoumou,Keep,Nyong-et-Mfoumou,Ayos,Nyong-et-Mfoumou,Ayos,,
Centre,Nyong-et-Mfoumou,Keep,Nyong-et-Mfoumou,Endom,Nyong-et-Mfoumou,Endom,,
Centre,Nyong-et-So'o,Keep,Nyong-et-So'o,Dzeng,Nyong-et-So'o,Dzeng,,
Centre,Nyong-et-So'o,Keep,Nyong-et-So'o,Mbalmayo,Nyong-et-So'o,Mbalmayo,,
Centre,Nyong-et-So'o,Keep,Nyong-et-So'o,Mengueme,Nyong-et-So'o,Mengueme,,
Centre,Nyong-et-So'o,Keep,Nyong-et-So'o,Ngomedzap,Nyong-et-So'o,Ngomedzap,,
Est,Boumba-et-Ngoko,Keep,Boumba-et-Ngoko,Gari-Gombo,Boumba-et-Ngoko,Gari-Gombo,,
Est,Boumba-et-Ngoko,Keep,Boumba-et-Ngoko,Moloundou,Boumba-et-Ngoko,Moloundou,,
Est,Boumba-et-Ngoko,Keep,Boumba-et-Ngoko,Salapoumbé,Boumba-et-Ngoko,Salapoumbé,,
Est,Boumba-et-Ngoko,Keep,Boumba-et-Ngoko,Yokadouma,Boumba-et-Ngoko,Yokadouma,,
Est,Haut-Nyong,Keep,Haut-Nyong,Abong-Mbang,Haut-Nyong,Abong-Mbang,,
Est,Haut-Nyong,Keep,Haut-Nyong,Doumaintang,Haut-Nyong,Doumaintang,,
Est,Haut-Nyong,Keep,Haut-Nyong,Lomié,Haut-Nyong,Lomié,,
Est,Haut-Nyong,Keep,Haut-Nyong,Mboma,Haut-Nyong,Mboma,,
Est,Haut-Nyong,Keep,Haut-Nyong,Mindourou,Haut-Nyong,Mindourou,,
Est,Haut-Nyong,Keep,Haut-Nyong,Ngoyla,Haut-Nyong,Ngoyla,,
Est,Haut-Nyong,Keep,Haut-Nyong,Nguelemendouka,Haut-Nyong,Nguelemendouka,,
Est,Haut-Nyong,Keep,Haut-Nyong,Somalomo,Haut-Nyong,Somalomo,,
Est,Kadey,Keep,Kadey,Batouri,Kadey,Batouri,,
Est,Kadey,Keep,Kadey,Mbang,Kadey,Mbang,,
Est,Lom-et-Djérem,Keep,Lom-et-Djérem,Diang,Lom-et-Djérem,Diang,,
Est,Lom-et-Djérem,Keep,Lom-et-Djérem,Ngoura,Lom-et-Djérem,Ngoura,,
Extrême-Nord,Diamaré,Keep,Diamaré,Gazawa,Diamaré,Gazawa,,
Extrême-Nord,Diamaré,Keep,Diamaré,Ndoukoula,Diamaré,Ndoukoula,,
Extrême-Nord,Logone-et-Chari,Keep,Logone-et-Chari,Fotokol,Logone-et-Chari,Fotokol,,
Extrême-Nord,Logone-et-Chari,Keep,Logone-et-Chari,Goulfey,Logone-et-Chari,Goulfey,,
Extrême-Nord,Logone-et-Chari,Keep,Logone-et-Chari,Kousseri,Logone-et-Chari,Kousseri,,
Extrême-Nord,Logone-et-Chari,Keep,Logone-et-Chari,Logone-Birni,Logone-et-Chari,Logone-Birni,,
Extrême-Nord,Logone-et-Chari,Keep,Logone-et-Chari,Makary,Logone-et-Chari,Makary,,
Extrême-Nord,Logone-et-Chari,Keep,Logone-et-Chari,Waza,Logone-et-Chari,Waza,,
Extrême-Nord,Logone-et-Chari,Keep,Logone-et-Chari,Zina,Logone-et-Chari,Zina,,
Extrême-Nord,Mayo-Danay,Keep,Mayo-Danay,Kar-Hay,Mayo-Danay,Kar-Hay,,
Extrême-Nord,Mayo-Danay,Keep,Mayo-Danay,Maga,Mayo-Danay,Maga,,
Extrême-Nord,Mayo-Danay,Keep,Mayo-Danay,Tchatibali,Mayo-Danay,Tchatibali,,
Extrême-Nord,Mayo-Danay,Keep,Mayo-Danay,Yagoua,Mayo-Danay,Yagoua,,
Extrême-Nord,Mayo-Kani,Keep,Mayo-Kani,Guidiguis,Mayo-Kani,Guidiguis,,
Extrême-Nord,Mayo-Kani,Keep,Mayo-Kani,Moulvoudaye,Mayo-Kani,Moulvoudaye,,
Extrême-Nord,Mayo-Sava,Keep,Mayo-Sava,Kolofata,Mayo-Sava,Kolofata,,
Extrême-Nord,Mayo-Sava,Keep,Mayo-Sava,Mora,Mayo-Sava,Mora,,
Extrême-Nord,Mayo-Sava,Keep,Mayo-Sava,Tokombéré,Mayo-Sava,Tokombéré,,
Extrême-Nord,Mayo-Tsanaga,Keep,Mayo-Tsanaga,Hina,Mayo-Tsanaga,Hina,,
Extrême-Nord,Mayo-Tsanaga,Keep,Mayo-Tsanaga,Koza,Mayo-Tsanaga,Koza,,
Extrême-Nord,Mayo-Tsanaga,Keep,Mayo-Tsanaga,Mogodé,Mayo-Tsanaga,Mogodé,,
Extrême-Nord,Mayo-Tsanaga,Keep,Mayo-Tsanaga,Mokolo,Mayo-Tsanaga,Mokolo,,
Littoral,Moungo,Keep,Moungo,Dibombari,Moungo,Dibombari,,
Littoral,Moungo,Keep,Moungo,Loum,Moungo,Loum,,
Littoral,Moungo,Keep,Moungo,Manjo,Moungo,Manjo,,
Littoral,Moungo,Keep,Moungo,Mbanga,Moungo,Mbanga,,
Littoral,Moungo,Keep,Moungo,Melong,Moungo,Melong,,
Littoral,Moungo,Keep,Moungo,Mombo,Moungo,Mombo,,
Littoral,Nkam,Keep,Nkam,Yabassi,Nkam,Yabassi,,
Littoral,Nkam,Keep,Nkam,Yingui,Nkam,Yingui,,
Littoral,Sanaga-Maritime,Keep,Sanaga-Maritime,Dibamba,Sanaga-Maritime,Dibamba,,
Littoral,Sanaga-Maritime,Keep,Sanaga-Maritime,Mouanko,Sanaga-Maritime,Mouanko,,
Littoral,Sanaga-Maritime,Keep,Sanaga-Maritime,Ndom,Sanaga-Maritime,Ndom,,
Littoral,Sanaga-Maritime,Keep,Sanaga-Maritime,Nyanon,Sanaga-Maritime,Nyanon,,
Littoral,Sanaga-Maritime,Keep,Sanaga-Maritime,Pouma,Sanaga-Maritime,Pouma,,
Nord,Bénoué,Keep,Bénoué,Bibemi,Bénoué,Bibemi,,
Nord,Bénoué,Keep,Bénoué,Dembo,Bénoué,Dembo,,
Nord,Bénoué,Keep,Bénoué,Lagdo,Bénoué,Lagdo,,
Nord,Bénoué,Keep,Bénoué,Pitoa,Bénoué,Pitoa,,
Nord,Faro,Keep,Faro,Poli,Faro,Poli,,
Nord,Mayo-Louti,Keep,Mayo-Louti,Figuil,Mayo-Louti,Figuil,,
Nord,Mayo-Louti,Keep,Mayo-Louti,Guider,Mayo-Louti,Guider,,
Nord,Mayo-Louti,Keep,Mayo-Louti,Mayo-Oulo,Mayo-Louti,Mayo-Oulo,,
Nord,Mayo-Rey,Keep,Mayo-Rey,Rey-Bouba,Mayo-Rey,Rey-Bouba,,
Nord,Mayo-Rey,Keep,Mayo-Rey,Tcholliré,Mayo-Rey,Tcholliré,,
Nord,Mayo-Rey,Keep,Mayo-Rey,Touboro,Mayo-Rey,Touboro,,
Nord-Ouest,Boyo,Keep,Boyo,Belo,Boyo,Belo,,
Nord-Ouest,Boyo,Keep,Boyo,Fundong,Boyo,Fundong,,
Nord-Ouest,Bui,Keep,Bui,Jakiri,Bui,Jakiri,,
Nord-Ouest,Bui,Keep,Bui,Kumbo,Bui,Kumbo,,
Nord-Ouest,Bui,Keep,Bui,Mbven,Bui,Mbven,,
Nord-Ouest,Bui,Keep,Bui,Nkum,Bui,Nkum,,
Nord-Ouest,Bui,Keep,Bui,Noni,Bui,Noni,,
Nord-Ouest,Bui,Keep,Bui,Oku,Bui,Oku,,
Nord-Ouest,Donga-Mantung,Keep,Donga-Mantung,Ako,Donga-Mantung,Ako,,
Nord-Ouest,Donga-Mantung,Keep,Donga-Mantung,Ndu,Donga-Mantung,Ndu,,
Nord-Ouest,Donga-Mantung,Keep,Donga-Mantung,Nkambe,Donga-Mantung,Nkambe,,
Nord-Ouest,Donga-Mantung,Keep,Donga-Mantung,Nwa,Donga-Mantung,Nwa,,
Nord-Ouest,Menchum,Keep,Menchum,Fungom,Menchum,Fungom,,
Nord-Ouest,Menchum,Keep,Menchum,Wum,Menchum,Wum,,
Nord-Ouest,Mezam,Keep,Mezam,Bafut,Mezam,Bafut,,
Nord-Ouest,Mezam,Keep,Mezam,Bali,Mezam,Bali,,
Nord-Ouest,Mezam,Keep,Mezam,Santa,Mezam,Santa,,
Nord-Ouest,Mezam,Keep,Mezam,Tubah,Mezam,Tubah,,
Nord-Ouest,Momo,Keep,Momo,Batibo,Momo,Batibo,,
Nord-Ouest,Momo,Keep,Momo,Mbengwi,Momo,Mbengwi,,
Nord-Ouest,Momo,Keep,Momo,Njikwa,Momo,Njikwa,,
Nord-Ouest,Momo,Keep,Momo,Widikum-Menka,Momo,Widikum-Menka,,
Nord-Ouest,Ngo-Ketunjia,Keep,Ngo-Ketunjia,Babessi,Ngo-Ketunjia,Babessi,,
Nord-Ouest,Ngo-Ketunjia,Keep,Ngo-Ketunjia,Balikumbat,Ngo-Ketunjia,Balikumbat,,
Nord-Ouest,Ngo-Ketunjia,Keep,Ngo-Ketunjia,Ndop,Ngo-Ketunjia,Ndop,,
Ouest,Bamboutos,Keep,Bamboutos,Babadjou,Bamboutos,Babadjou,,
Ouest,Bamboutos,Keep,Bamboutos,Batcham,Bamboutos,Batcham,,
Ouest,Bamboutos,Keep,Bamboutos,Galim,Bamboutos,Galim,,
Ouest,Bamboutos,Keep,Bamboutos,Mbouda,Bamboutos,Mbouda,,
Ouest,Haut-Nkam,Keep,Haut-Nkam,Bafang,Haut-Nkam,Bafang,,
Ouest,Haut-Nkam,Keep,Haut-Nkam,Bandja,Haut-Nkam,Bandja,,
Ouest,Haut-Nkam,Keep,Haut-Nkam,Banka,Haut-Nkam,Banka,,
Ouest,Hauts-Plateaux,Keep,Hauts-Plateaux,Baham,Hauts-Plateaux,Baham,,
Ouest,Hauts-Plateaux,Keep,Hauts-Plateaux,Bamendjou,Hauts-Plateaux,Bamendjou,,
Ouest,Hauts-Plateaux,Keep,Hauts-Plateaux,Bangou,Hauts-Plateaux,Bangou,,
Ouest,Koung-Khi,Keep,Koung-Khi,Poumougne,Koung-Khi,Poumougne,,
Ouest,Menoua,Keep,Menoua,Dschang,Menoua,Dschang,,
Ouest,Menoua,Keep,Menoua,Fokoué,Menoua,Fokoué,,
Ouest,Menoua,Keep,Menoua,Fongo-Tongo,Menoua,Fongo-Tongo,,
Ouest,Menoua,Keep,Menoua,Nkong-Ni,Menoua,Nkong-Ni,,
Ouest,Menoua,Keep,Menoua,Penka-Michel,Menoua,Penka-Michel,,
Ouest,Menoua,Keep,Menoua,Santchou,Menoua,Santchou,,
Ouest,Ndé,Keep,Ndé,Bangangté,Ndé,Bangangté,,
Ouest,Ndé,Keep,Ndé,Bassamba,Ndé,Bassamba,,
Ouest,Ndé,Keep,Ndé,Bazou,Ndé,Bazou,,
Ouest,Ndé,Keep,Ndé,Tonga,Ndé,Tonga,,
Ouest,Noun,Keep,Noun,Foumban,Noun,Foumban,,
Ouest,Noun,Keep,Noun,Foumbot,Noun,Foumbot,,
Ouest,Noun,Keep,Noun,Kouoptamo,Noun,Kouoptamo,,
Ouest,Noun,Keep,Noun,Koutaba,Noun,Koutaba,,
Ouest,Noun,Keep,Noun,Magba,Noun,Magba,,
Ouest,Noun,Keep,Noun,Massangam,Noun,Massangam,,
Ouest,Noun,Keep,Noun,Njimom,Noun,Njimom,,
Sud,Dja-et-Lobo,Keep,Dja-et-Lobo,Bengbis,Dja-et-Lobo,Bengbis,,
Sud,Dja-et-Lobo,Keep,Dja-et-Lobo,Djoum,Dja-et-Lobo,Djoum,,
Sud,Dja-et-Lobo,Keep,Dja-et-Lobo,Meyomessala,Dja-et-Lobo,Meyomessala,,
Sud,Dja-et-Lobo,Keep,Dja-et-Lobo,Meyomessi,Dja-et-Lobo,Meyomessi,,
Sud,Dja-et-Lobo,Keep,Dja-et-Lobo,Mintom,Dja-et-Lobo,Mintom,,
Sud,Dja-et-Lobo,Keep,Dja-et-Lobo,Oveng,Dja-et-Lobo,Oveng,,
Sud,Mvila,Keep,Mvila,Efoulan,Mvila,Efoulan,,
Sud,Mvila,Keep,Mvila,Mengong,Mvila,Mengong,,
Sud,Mvila,Keep,Mvila,Mvangan,Mvila,Mvangan,,
Sud,Mvila,Keep,Mvila,Ngoulemakong,Mvila,Ngoulemakong,,
Sud,Océan,Keep,Océan,Akom II,Océan,Akom II,,
Sud,Océan,Keep,Océan,Campo,Océan,Campo,,
Sud,Océan,Keep,Océan,Lolodorf,Océan,Lolodorf,,
Sud,Océan,Keep,Océan,Mvengue,Océan,Mvengue,,
Sud-Ouest,Fako,Keep,Fako,Buea,Fako,Buea,,
Sud-Ouest,Fako,Keep,Fako,Muyuka,Fako,Muyuka,,
Sud-Ouest,Fako,Keep,Fako,Tiko,Fako,Tiko,,
Sud-Ouest,Lebialem,Keep,Lebialem,Alou,Lebialem,Alou,,
Sud-Ouest,Lebialem,Keep,Lebialem,Fontem,Lebialem,Fontem,,
Sud-Ouest,Lebialem,Keep,Lebialem,Wabane,Lebialem,Wabane,,
Sud-Ouest,Manyu,Keep,Manyu,Akwaya,Manyu,Akwaya,,
Sud-Ouest,Manyu,Keep,Manyu,Mamfe,Manyu,Mamfe,,
Sud-Ouest,Meme,Keep,Meme,Konye,Meme,Konye,,
Sud-Ouest,Meme,Keep,Meme,Mbonge,Meme,Mbonge,,
Sud-Ouest,Ndian,Keep,Ndian,Isangele,Ndian,Isangele,,
Sud-Ouest,Ndian,Keep,Ndian,Kombo-Abedimo,Ndian,Kombo-Abedimo,,
Sud-Ouest,Ndian,Keep,Ndian,Kombo-Itindi,Ndian,Kombo-Itindi,,
Sud-Ouest,Ndian,Keep,Ndian,Mundemba,Ndian,Mundemba,,
